{"0\u201310": 0.9419168964883357, "1000\u20132500": 0.9794784980129166, "10\u201325": 0.9214424487858812, "150\u2013250": 0.9768403389195187, "2500+": 0.9988792997028558, "250\u2013500": 0.9932876380053697, "25\u201350": 0.9742398392816267, "500\u20131000": 0.9832907144036404, "50\u201375": 0.9564848232369025, "75\u2013150": 0.9314534650285865}